Fold,Prediction,Real Value,MSE,RMSE,MAE,MAPE,R-squared
1,0.07803363,0.06819611370652509,0.0006131391166283859,0.024761646080751293,0.019383442118406646,0.13834306977784264,0.7279534666795509
1,0.072989695,0.06922935199707672,0.0006131391166283859,0.024761646080751293,0.019383442118406646,0.13834306977784264,0.7279534666795509
1,0.07304433,0.06406301036122372,0.0006131391166283859,0.024761646080751293,0.019383442118406646,0.13834306977784264,0.7279534666795509
1,0.06941151,0.07129591439709251,0.0006131391166283859,0.024761646080751293,0.019383442118406646,0.13834306977784264,0.7279534666795509
1,0.075414404,0.08679502512356688,0.0006131391166283859,0.024761646080751293,0.019383442118406646,0.13834306977784264,0.7279534666795509
1,0.08967775,0.09092810701414081,0.0006131391166283859,0.024761646080751293,0.019383442118406646,0.13834306977784264,0.7279534666795509
1,0.09689967,0.09416227867199758,0.0006131391166283859,0.024761646080751293,0.019383442118406646,0.13834306977784264,0.7279534666795509
1,0.10181834,0.08886156606885529,0.0006131391166283859,0.024761646080751293,0.019383442118406646,0.13834306977784264,0.7279534666795509
1,0.09936249,0.08339985717981921,0.0006131391166283859,0.024761646080751293,0.019383442118406646,0.13834306977784264,0.7279534666795509
1,0.094832815,0.10341439452113452,0.0006131391166283859,0.024761646080751293,0.019383442118406646,0.13834306977784264,0.7279534666795509
1,0.10929276,0.13166499465890671,0.0006131391166283859,0.024761646080751293,0.019383442118406646,0.13834306977784264,0.7279534666795509
1,0.13443832,0.1640445573793011,0.0006131391166283859,0.024761646080751293,0.019383442118406646,0.13834306977784264,0.7279534666795509
1,0.16591115,0.17149479781923418,0.0006131391166283859,0.024761646080751293,0.019383442118406646,0.13834306977784264,0.7279534666795509
1,0.17966506,0.2032720833890975,0.0006131391166283859,0.024761646080751293,0.019383442118406646,0.13834306977784264,0.7279534666795509
1,0.20960942,0.22891323066600597,0.0006131391166283859,0.024761646080751293,0.019383442118406646,0.13834306977784264,0.7279534666795509
1,0.2376196,0.2490924759613173,0.0006131391166283859,0.024761646080751293,0.019383442118406646,0.13834306977784264,0.7279534666795509
1,0.2609864,0.22721461686714342,0.0006131391166283859,0.024761646080751293,0.019383442118406646,0.13834306977784264,0.7279534666795509
1,0.2479647,0.20072579325020143,0.0006131391166283859,0.024761646080751293,0.019383442118406646,0.13834306977784264,0.7279534666795509
1,0.2243896,0.17192389239783842,0.0006131391166283859,0.024761646080751293,0.019383442118406646,0.13834306977784264,0.7279534666795509
1,0.19527182,0.16904599796859707,0.0006131391166283859,0.024761646080751293,0.019383442118406646,0.13834306977784264,0.7279534666795509
1,0.18646112,0.13432563850300208,0.0006131391166283859,0.024761646080751293,0.019383442118406646,0.13834306977784264,0.7279534666795509
1,0.15234447,0.11140542285848068,0.0006131391166283859,0.024761646080751293,0.019383442118406646,0.13834306977784264,0.7279534666795509
1,0.12635027,0.14112189589568322,0.0006131391166283859,0.024761646080751293,0.019383442118406646,0.13834306977784264,0.7279534666795509
1,0.14520094,0.1463116231860699,0.0006131391166283859,0.024761646080751293,0.019383442118406646,0.13834306977784264,0.7279534666795509
1,0.1504246,0.16597646990055123,0.0006131391166283859,0.024761646080751293,0.019383442118406646,0.13834306977784264,0.7279534666795509
1,0.16844983,0.16668923890507029,0.0006131391166283859,0.024761646080751293,0.019383442118406646,0.13834306977784264,0.7279534666795509
1,0.17373824,0.1886887463122807,0.0006131391166283859,0.024761646080751293,0.019383442118406646,0.13834306977784264,0.7279534666795509
1,0.19484945,0.16966089049973518,0.0006131391166283859,0.024761646080751293,0.019383442118406646,0.13834306977784264,0.7279534666795509
1,0.18417327,0.16689172863671378,0.0006131391166283859,0.024761646080751293,0.019383442118406646,0.13834306977784264,0.7279534666795509
1,0.18139124,0.15027984693954446,0.0006131391166283859,0.024761646080751293,0.019383442118406646,0.13834306977784264,0.7279534666795509
1,0.16745996,0.13506183607151254,0.0006131391166283859,0.024761646080751293,0.019383442118406646,0.13834306977784264,0.7279534666795509
1,0.15189368,0.09354652795170007,0.0006131391166283859,0.024761646080751293,0.019383442118406646,0.13834306977784264,0.7279534666795509
1,0.11320259,0.10958855059375552,0.0006131391166283859,0.024761646080751293,0.019383442118406646,0.13834306977784264,0.7279534666795509
1,0.1186196,0.11598502056755186,0.0006131391166283859,0.024761646080751293,0.019383442118406646,0.13834306977784264,0.7279534666795509
1,0.1225404,0.12019559693902218,0.0006131391166283859,0.024761646080751293,0.019383442118406646,0.13834306977784264,0.7279534666795509
1,0.1262362,0.13330525159507908,0.0006131391166283859,0.024761646080751293,0.019383442118406646,0.13834306977784264,0.7279534666795509
1,0.13767377,0.16296023537916918,0.0006131391166283859,0.024761646080751293,0.019383442118406646,0.13834306977784264,0.7279534666795509
1,0.16495448,0.19710994196467888,0.0006131391166283859,0.024761646080751293,0.019383442118406646,0.13834306977784264,0.7279534666795509
1,0.19898628,0.18181932829394634,0.0006131391166283859,0.024761646080751293,0.019383442118406646,0.13834306977784264,0.7279534666795509
1,0.19500609,0.16446730135814272,0.0006131391166283859,0.024761646080751293,0.019383442118406646,0.13834306977784264,0.7279534666795509
2,0.17053503,0.1476122088538184,0.0010815093769322864,0.032886309871012986,0.023894250067332444,0.09952742956924322,0.8118727946165627
2,0.15324411,0.14594993936576392,0.0010815093769322864,0.032886309871012986,0.023894250067332444,0.09952742956924322,0.8118727946165627
2,0.15035024,0.14509136402343617,0.0010815093769322864,0.032886309871012986,0.023894250067332444,0.09952742956924322,0.8118727946165627
2,0.1479402,0.14272095975230945,0.0010815093769322864,0.032886309871012986,0.023894250067332444,0.09952742956924322,0.8118727946165627
2,0.14454575,0.13792917477411862,0.0010815093769322864,0.032886309871012986,0.023894250067332444,0.09952742956924322,0.8118727946165627
2,0.13914807,0.16161751262380006,0.0010815093769322864,0.032886309871012986,0.023894250067332444,0.09952742956924322,0.8118727946165627
2,0.16305788,0.19750294968922125,0.0010815093769322864,0.032886309871012986,0.023894250067332444,0.09952742956924322,0.8118727946165627
2,0.19959128,0.22113293067620973,0.0010815093769322864,0.032886309871012986,0.023894250067332444,0.09952742956924322,0.8118727946165627
2,0.2249171,0.20650629795641198,0.0010815093769322864,0.032886309871012986,0.023894250067332444,0.09952742956924322,0.8118727946165627
2,0.2113815,0.21391616059649785,0.0010815093769322864,0.032886309871012986,0.023894250067332444,0.09952742956924322,0.8118727946165627
2,0.2212638,0.1902700456533525,0.0010815093769322864,0.032886309871012986,0.023894250067332444,0.09952742956924322,0.8118727946165627
2,0.1956031,0.18522796980746328,0.0010815093769322864,0.032886309871012986,0.023894250067332444,0.09952742956924322,0.8118727946165627
2,0.19107606,0.17388356733832308,0.0010815093769322864,0.032886309871012986,0.023894250067332444,0.09952742956924322,0.8118727946165627
2,0.1777104,0.16992598513039933,0.0010815093769322864,0.032886309871012986,0.023894250067332444,0.09952742956924322,0.8118727946165627
2,0.17293349,0.19701481169660104,0.0010815093769322864,0.032886309871012986,0.023894250067332444,0.09952742956924322,0.8118727946165627
2,0.20044947,0.2289863912916564,0.0010815093769322864,0.032886309871012986,0.023894250067332444,0.09952742956924322,0.8118727946165627
2,0.23210652,0.2855225198659024,0.0010815093769322864,0.032886309871012986,0.023894250067332444,0.09952742956924322,0.8118727946165627
2,0.29171997,0.26951600480022864,0.0010815093769322864,0.032886309871012986,0.023894250067332444,0.09952742956924322,0.8118727946165627
2,0.27315673,0.2956067573765989,0.0010815093769322864,0.032886309871012986,0.023894250067332444,0.09952742956924322,0.8118727946165627
2,0.3067873,0.3240666698498147,0.0010815093769322864,0.032886309871012986,0.023894250067332444,0.09952742956924322,0.8118727946165627
2,0.3353187,0.3248416146587747,0.0010815093769322864,0.032886309871012986,0.023894250067332444,0.09952742956924322,0.8118727946165627
2,0.3334068,0.3385017976591841,0.0010815093769322864,0.032886309871012986,0.023894250067332444,0.09952742956924322,0.8118727946165627
2,0.35031888,0.3033598174996798,0.0010815093769322864,0.032886309871012986,0.023894250067332444,0.09952742956924322,0.8118727946165627
2,0.30663753,0.3307460483424569,0.0010815093769322864,0.032886309871012986,0.023894250067332444,0.09952742956924322,0.8118727946165627
2,0.3449466,0.3281874654037773,0.0010815093769322864,0.032886309871012986,0.023894250067332444,0.09952742956924322,0.8118727946165627
2,0.33130687,0.42452795374869423,0.0010815093769322864,0.032886309871012986,0.023894250067332444,0.09952742956924322,0.8118727946165627
2,0.43587708,0.45005816176726365,0.0010815093769322864,0.032886309871012986,0.023894250067332444,0.09952742956924322,0.8118727946165627
2,0.4507796,0.35622116981364194,0.0010815093769322864,0.032886309871012986,0.023894250067332444,0.09952742956924322,0.8118727946165627
2,0.3441578,0.30324342103503865,0.0010815093769322864,0.032886309871012986,0.023894250067332444,0.09952742956924322,0.8118727946165627
2,0.30896407,0.261371324413333,0.0010815093769322864,0.032886309871012986,0.023894250067332444,0.09952742956924322,0.8118727946165627
2,0.2621439,0.2317977735408087,0.0010815093769322864,0.032886309871012986,0.023894250067332444,0.09952742956924322,0.8118727946165627
2,0.23177905,0.22790427776455532,0.0010815093769322864,0.032886309871012986,0.023894250067332444,0.09952742956924322,0.8118727946165627
2,0.22791353,0.22697582877175612,0.0010815093769322864,0.032886309871012986,0.023894250067332444,0.09952742956924322,0.8118727946165627
2,0.22369063,0.2229411402915317,0.0010815093769322864,0.032886309871012986,0.023894250067332444,0.09952742956924322,0.8118727946165627
2,0.21848992,0.2228277582716741,0.0010815093769322864,0.032886309871012986,0.023894250067332444,0.09952742956924322,0.8118727946165627
2,0.21956532,0.21264776431514962,0.0010815093769322864,0.032886309871012986,0.023894250067332444,0.09952742956924322,0.8118727946165627
2,0.21037507,0.2225967156651706,0.0010815093769322864,0.032886309871012986,0.023894250067332444,0.09952742956924322,0.8118727946165627
2,0.22444633,0.24469804136450315,0.0010815093769322864,0.032886309871012986,0.023894250067332444,0.09952742956924322,0.8118727946165627
2,0.24822628,0.22454920072239729,0.0010815093769322864,0.032886309871012986,0.023894250067332444,0.09952742956924322,0.8118727946165627
2,0.22561626,0.14805338581708624,0.0010815093769322864,0.032886309871012986,0.023894250067332444,0.09952742956924322,0.8118727946165627
3,0.13685116,0.1177033723128598,0.00019603345425914468,0.014001194743990409,0.010842659316170466,2102152449229.0923,0.8871797688051135
3,0.11203107,0.14283781290362382,0.00019603345425914468,0.014001194743990409,0.010842659316170466,2102152449229.0923,0.8871797688051135
3,0.13724391,0.13972680864863665,0.00019603345425914468,0.014001194743990409,0.010842659316170466,2102152449229.0923,0.8871797688051135
3,0.13131183,0.13401112962185582,0.00019603345425914468,0.014001194743990409,0.010842659316170466,2102152449229.0923,0.8871797688051135
3,0.12608725,0.1316907558890452,0.00019603345425914468,0.014001194743990409,0.010842659316170466,2102152449229.0923,0.8871797688051135
3,0.12452192,0.11579406188412064,0.00019603345425914468,0.014001194743990409,0.010842659316170466,2102152449229.0923,0.8871797688051135
3,0.108954094,0.10910432823219493,0.00019603345425914468,0.014001194743990409,0.010842659316170466,2102152449229.0923,0.8871797688051135
3,0.10280854,0.1118002337167108,0.00019603345425914468,0.014001194743990409,0.010842659316170466,2102152449229.0923,0.8871797688051135
3,0.105727196,0.1115935789408952,0.00019603345425914468,0.014001194743990409,0.010842659316170466,2102152449229.0923,0.8871797688051135
3,0.105920255,0.08336641524414448,0.00019603345425914468,0.014001194743990409,0.010842659316170466,2102152449229.0923,0.8871797688051135
3,0.07887362,0.0837935912417748,0.00019603345425914468,0.014001194743990409,0.010842659316170466,2102152449229.0923,0.8871797688051135
3,0.07851096,0.0669749341623371,0.00019603345425914468,0.014001194743990409,0.010842659316170466,2102152449229.0923,0.8871797688051135
3,0.063045606,0.05081011988009357,0.00019603345425914468,0.014001194743990409,0.010842659316170466,2102152449229.0923,0.8871797688051135
3,0.047831804,0.02376529921889406,0.00019603345425914468,0.014001194743990409,0.010842659316170466,2102152449229.0923,0.8871797688051135
3,0.02409397,0.025362177032021455,0.00019603345425914468,0.014001194743990409,0.010842659316170466,2102152449229.0923,0.8871797688051135
3,0.023550432,0.06637554585152763,0.00019603345425914468,0.014001194743990409,0.010842659316170466,2102152449229.0923,0.8871797688051135
3,0.058384545,0.07609324066670872,0.00019603345425914468,0.014001194743990409,0.010842659316170466,2102152449229.0923,0.8871797688051135
3,0.07142786,0.06538826656540689,0.00019603345425914468,0.014001194743990409,0.010842659316170466,2102152449229.0923,0.8871797688051135
3,0.06371721,0.06563749308075387,0.00019603345425914468,0.014001194743990409,0.010842659316170466,2102152449229.0923,0.8871797688051135
3,0.063499615,0.04422412202472473,0.00019603345425914468,0.014001194743990409,0.010842659316170466,2102152449229.0923,0.8871797688051135
3,0.04469452,0.04505972611824463,0.00019603345425914468,0.014001194743990409,0.010842659316170466,2102152449229.0923,0.8871797688051135
3,0.043620434,0.038747770465589165,0.00019603345425914468,0.014001194743990409,0.010842659316170466,2102152449229.0923,0.8871797688051135
3,0.03802277,0.031096623408573526,0.00019603345425914468,0.014001194743990409,0.010842659316170466,2102152449229.0923,0.8871797688051135
3,0.030877925,0.03203149025155286,0.00019603345425914468,0.014001194743990409,0.010842659316170466,2102152449229.0923,0.8871797688051135
3,0.030833207,0.012546897103142746,0.00019603345425914468,0.014001194743990409,0.010842659316170466,2102152449229.0923,0.8871797688051135
3,0.0146487765,0.026630285883622234,0.00019603345425914468,0.014001194743990409,0.010842659316170466,2102152449229.0923,0.8871797688051135
3,0.024686567,0.017565655944399933,0.00019603345425914468,0.014001194743990409,0.010842659316170466,2102152449229.0923,0.8871797688051135
3,0.018670864,0.0,0.00019603345425914468,0.014001194743990409,0.010842659316170466,2102152449229.0923,0.8871797688051135
3,0.004160039,0.008782827972199841,0.00019603345425914468,0.014001194743990409,0.010842659316170466,2102152449229.0923,0.8871797688051135
3,0.009318218,0.005301144249204942,0.00019603345425914468,0.014001194743990409,0.010842659316170466,2102152449229.0923,0.8871797688051135
3,0.0074725,0.014259179531336236,0.00019603345425914468,0.014001194743990409,0.010842659316170466,2102152449229.0923,0.8871797688051135
3,0.014640704,0.027037333169321415,0.00019603345425914468,0.014001194743990409,0.010842659316170466,2102152449229.0923,0.8871797688051135
3,0.026301023,0.022058151070844995,0.00019603345425914468,0.014001194743990409,0.010842659316170466,2102152449229.0923,0.8871797688051135
3,0.024045277,0.016532382065317514,0.00019603345425914468,0.014001194743990409,0.010842659316170466,2102152449229.0923,0.8871797688051135
3,0.019228328,0.02969539278580166,0.00019603345425914468,0.014001194743990409,0.010842659316170466,2102152449229.0923,0.8871797688051135
3,0.02923569,0.0416597241248203,0.00019603345425914468,0.014001194743990409,0.010842659316170466,2102152449229.0923,0.8871797688051135
3,0.04040736,0.024109723845254866,0.00019603345425914468,0.014001194743990409,0.010842659316170466,2102152449229.0923,0.8871797688051135
3,0.027390078,0.022776950291076098,0.00019603345425914468,0.014001194743990409,0.010842659316170466,2102152449229.0923,0.8871797688051135
3,0.02427889,0.04187219386186061,0.00019603345425914468,0.014001194743990409,0.010842659316170466,2102152449229.0923,0.8871797688051135
3,0.03952953,0.05405901067380861,0.00019603345425914468,0.014001194743990409,0.010842659316170466,2102152449229.0923,0.8871797688051135
4,0.05318203,0.04635642357519562,0.0006377007297493761,0.025252737074411877,0.0175979895814945,0.16763902137392503,0.8145243756439438
4,0.04773061,0.07083092441109631,0.0006377007297493761,0.025252737074411877,0.0175979895814945,0.16763902137392503,0.8145243756439438
4,0.068824165,0.058849644113190464,0.0006377007297493761,0.025252737074411877,0.0175979895814945,0.16763902137392503,0.8145243756439438
4,0.059954755,0.041537609939111514,0.0006377007297493761,0.025252737074411877,0.0175979895814945,0.16763902137392503,0.8145243756439438
4,0.04348077,0.047859367399314484,0.0006377007297493761,0.025252737074411877,0.0175979895814945,0.16763902137392503,0.8145243756439438
4,0.047295406,0.04949873915985073,0.0006377007297493761,0.025252737074411877,0.0175979895814945,0.16763902137392503,0.8145243756439438
4,0.049003363,0.06249060720885072,0.0006377007297493761,0.025252737074411877,0.0175979895814945,0.16763902137392503,0.8145243756439438
4,0.06053191,0.05869979703548875,0.0006377007297493761,0.025252737074411877,0.0175979895814945,0.16763902137392503,0.8145243756439438
4,0.058055136,0.05565588848693684,0.0006377007297493761,0.025252737074411877,0.0175979895814945,0.16763902137392503,0.8145243756439438
4,0.055095397,0.04407137719042467,0.0006377007297493761,0.025252737074411877,0.0175979895814945,0.16763902137392503,0.8145243756439438
4,0.04458254,0.041124300387477636,0.0006377007297493761,0.025252737074411877,0.0175979895814945,0.16763902137392503,0.8145243756439438
4,0.041114576,0.045778525338475734,0.0006377007297493761,0.025252737074411877,0.0175979895814945,0.16763902137392503,0.8145243756439438
4,0.044912126,0.05131926932775657,0.0006377007297493761,0.025252737074411877,0.0175979895814945,0.16763902137392503,0.8145243756439438
4,0.050163753,0.04448244049449626,0.0006377007297493761,0.025252737074411877,0.0175979895814945,0.16763902137392503,0.8145243756439438
4,0.04464842,0.04959714619595393,0.0006377007297493761,0.025252737074411877,0.0175979895814945,0.16763902137392503,0.8145243756439438
4,0.048632167,0.042984193369825924,0.0006377007297493761,0.025252737074411877,0.0175979895814945,0.16763902137392503,0.8145243756439438
4,0.043290984,0.039367734793038595,0.0006377007297493761,0.025252737074411877,0.0175979895814945,0.16763902137392503,0.8145243756439438
4,0.039738156,0.04569888565214128,0.0006377007297493761,0.025252737074411877,0.0175979895814945,0.16763902137392503,0.8145243756439438
4,0.044908382,0.04371197758030912,0.0006377007297493761,0.025252737074411877,0.0175979895814945,0.16763902137392503,0.8145243756439438
4,0.04374805,0.0755323205609201,0.0006377007297493761,0.025252737074411877,0.0175979895814945,0.16763902137392503,0.8145243756439438
4,0.07222218,0.1239928654898835,0.0006377007297493761,0.025252737074411877,0.0175979895814945,0.16763902137392503,0.8145243756439438
4,0.11894796,0.17171133190568585,0.0006377007297493761,0.025252737074411877,0.0175979895814945,0.16763902137392503,0.8145243756439438
4,0.16967627,0.23844024847776704,0.0006377007297493761,0.025252737074411877,0.0175979895814945,0.16763902137392503,0.8145243756439438
4,0.23266676,0.25728519589150733,0.0006377007297493761,0.025252737074411877,0.0175979895814945,0.16763902137392503,0.8145243756439438
4,0.26380557,0.21295282612706826,0.0006377007297493761,0.025252737074411877,0.0175979895814945,0.16763902137392503,0.8145243756439438
4,0.21633229,0.17053715704309133,0.0006377007297493761,0.025252737074411877,0.0175979895814945,0.16763902137392503,0.8145243756439438
4,0.17092513,0.14603604157697406,0.0006377007297493761,0.025252737074411877,0.0175979895814945,0.16763902137392503,0.8145243756439438
4,0.14478007,0.14933526694527113,0.0006377007297493761,0.025252737074411877,0.0175979895814945,0.16763902137392503,0.8145243756439438
4,0.14738217,0.11443508210837075,0.0006377007297493761,0.025252737074411877,0.0175979895814945,0.16763902137392503,0.8145243756439438
4,0.10954714,0.10544313918445267,0.0006377007297493761,0.025252737074411877,0.0175979895814945,0.16763902137392503,0.8145243756439438
4,0.10186678,0.11951534534719208,0.0006377007297493761,0.025252737074411877,0.0175979895814945,0.16763902137392503,0.8145243756439438
4,0.114893526,0.08325235254320737,0.0006377007297493761,0.025252737074411877,0.0175979895814945,0.16763902137392503,0.8145243756439438
4,0.07949908,0.07655620104110075,0.0006377007297493761,0.025252737074411877,0.0175979895814945,0.16763902137392503,0.8145243756439438
4,0.07354783,0.12635463435635677,0.0006377007297493761,0.025252737074411877,0.0175979895814945,0.16763902137392503,0.8145243756439438
4,0.119608365,0.11838366443200557,0.0006377007297493761,0.025252737074411877,0.0175979895814945,0.16763902137392503,0.8145243756439438
4,0.116098955,0.11671502338504267,0.0006377007297493761,0.025252737074411877,0.0175979895814945,0.16763902137392503,0.8145243756439438
4,0.11438458,0.1484651415734128,0.0006377007297493761,0.025252737074411877,0.0175979895814945,0.16763902137392503,0.8145243756439438
4,0.14664984,0.15892736330647536,0.0006377007297493761,0.025252737074411877,0.0175979895814945,0.16763902137392503,0.8145243756439438
4,0.1578483,0.1651762100990211,0.0006377007297493761,0.025252737074411877,0.0175979895814945,0.16763902137392503,0.8145243756439438
4,0.16453235,0.14955279828823495,0.0006377007297493761,0.025252737074411877,0.0175979895814945,0.16763902137392503,0.8145243756439438
5,0.1547952,0.15184429323060242,0.0005001510750776138,0.022364057661292458,0.01645362923219758,0.10089837877684982,0.8857858974031916
5,0.1574402,0.16173196383541574,0.0005001510750776138,0.022364057661292458,0.01645362923219758,0.10089837877684982,0.8857858974031916
5,0.16725776,0.15363151096882363,0.0005001510750776138,0.022364057661292458,0.01645362923219758,0.10089837877684982,0.8857858974031916
5,0.15781102,0.13585091334030427,0.0005001510750776138,0.022364057661292458,0.01645362923219758,0.10089837877684982,0.8857858974031916
5,0.13926917,0.12326957377452488,0.0005001510750776138,0.022364057661292458,0.01645362923219758,0.10089837877684982,0.8857858974031916
5,0.12644991,0.09421579097450924,0.0005001510750776138,0.022364057661292458,0.01645362923219758,0.10089837877684982,0.8857858974031916
5,0.09694906,0.1076154745064272,0.0005001510750776138,0.022364057661292458,0.01645362923219758,0.10089837877684982,0.8857858974031916
5,0.11053565,0.09702933759763718,0.0005001510750776138,0.022364057661292458,0.01645362923219758,0.10089837877684982,0.8857858974031916
5,0.099309795,0.10849375730364816,0.0005001510750776138,0.022364057661292458,0.01645362923219758,0.10089837877684982,0.8857858974031916
5,0.110966705,0.09843056822040966,0.0005001510750776138,0.022364057661292458,0.01645362923219758,0.10089837877684982,0.8857858974031916
5,0.101096265,0.09624946183652225,0.0005001510750776138,0.022364057661292458,0.01645362923219758,0.10089837877684982,0.8857858974031916
5,0.09901028,0.0972365103052237,0.0005001510750776138,0.022364057661292458,0.01645362923219758,0.10089837877684982,0.8857858974031916
5,0.10011768,0.1164311793747789,0.0005001510750776138,0.022364057661292458,0.01645362923219758,0.10089837877684982,0.8857858974031916
5,0.119576044,0.08861553601082453,0.0005001510750776138,0.022364057661292458,0.01645362923219758,0.10089837877684982,0.8857858974031916
5,0.092461914,0.08605695307214492,0.0005001510750776138,0.022364057661292458,0.01645362923219758,0.10089837877684982,0.8857858974031916
5,0.08932801,0.09538996583710377,0.0005001510750776138,0.022364057661292458,0.01645362923219758,0.10089837877684982,0.8857858974031916
5,0.09829144,0.1170182668060776,0.0005001510750776138,0.022364057661292458,0.01645362923219758,0.10089837877684982,0.8857858974031916
5,0.12014697,0.12093796880389981,0.0005001510750776138,0.022364057661292458,0.01645362923219758,0.10089837877684982,0.8857858974031916
5,0.124837875,0.1373270188818491,0.0005001510750776138,0.022364057661292458,0.01645362923219758,0.10089837877684982,0.8857858974031916
5,0.1418547,0.1533181622486002,0.0005001510750776138,0.022364057661292458,0.01645362923219758,0.10089837877684982,0.8857858974031916
5,0.15868115,0.13442401131680828,0.0005001510750776138,0.022364057661292458,0.01645362923219758,0.10089837877684982,0.8857858974031916
5,0.13940725,0.14465834307152967,0.0005001510750776138,0.022364057661292458,0.01645362923219758,0.10089837877684982,0.8857858974031916
5,0.15006265,0.157522602866105,0.0005001510750776138,0.022364057661292458,0.01645362923219758,0.10089837877684982,0.8857858974031916
5,0.1630066,0.19779037359066035,0.0005001510750776138,0.022364057661292458,0.01645362923219758,0.10089837877684982,0.8857858974031916
5,0.2051481,0.18908911987207191,0.0005001510750776138,0.022364057661292458,0.01645362923219758,0.10089837877684982,0.8857858974031916
5,0.19460927,0.20431631387960172,0.0005001510750776138,0.022364057661292458,0.01645362923219758,0.10089837877684982,0.8857858974031916
5,0.21245179,0.24760999502373435,0.0005001510750776138,0.022364057661292458,0.01645362923219758,0.10089837877684982,0.8857858974031916
5,0.2586405,0.24850236791930644,0.0005001510750776138,0.022364057661292458,0.01645362923219758,0.10089837877684982,0.8857858974031916
5,0.256703,0.26095331816224787,0.0005001510750776138,0.022364057661292458,0.01645362923219758,0.10089837877684982,0.8857858974031916
5,0.27226007,0.2153436697996626,0.0005001510750776138,0.022364057661292458,0.01645362923219758,0.10089837877684982,0.8857858974031916
5,0.2174286,0.21481763946122254,0.0005001510750776138,0.022364057661292458,0.01645362923219758,0.10089837877684982,0.8857858974031916
5,0.2236644,0.2640014761055418,0.0005001510750776138,0.022364057661292458,0.01645362923219758,0.10089837877684982,0.8857858974031916
5,0.276835,0.2636324497201562,0.0005001510750776138,0.022364057661292458,0.01645362923219758,0.10089837877684982,0.8857858974031916
5,0.26847702,0.2558386124607902,0.0005001510750776138,0.022364057661292458,0.01645362923219758,0.10089837877684982,0.8857858974031916
5,0.26231164,0.23625807245218047,0.0005001510750776138,0.022364057661292458,0.01645362923219758,0.10089837877684982,0.8857858974031916
5,0.24041294,0.2438526354634358,0.0005001510750776138,0.022364057661292458,0.01645362923219758,0.10089837877684982,0.8857858974031916
5,0.25221407,0.23835749710649787,0.0005001510750776138,0.022364057661292458,0.01645362923219758,0.10089837877684982,0.8857858974031916
5,0.2428281,0.25310043668122384,0.0005001510750776138,0.022364057661292458,0.01645362923219758,0.10089837877684982,0.8857858974031916
5,0.26152068,0.2515552225620489,0.0005001510750776138,0.022364057661292458,0.01645362923219758,0.10089837877684982,0.8857858974031916
5,0.2567301,0.33173011870348856,0.0005001510750776138,0.022364057661292458,0.01645362923219758,0.10089837877684982,0.8857858974031916
6,0.3453758,0.3752752321791023,0.005274316766617468,0.07262449150677386,0.05478043662687853,0.13859586721353423,0.8593231158702765
6,0.39376077,0.4278203108913595,0.005274316766617468,0.07262449150677386,0.05478043662687853,0.13859586721353423,0.8593231158702765
6,0.45016408,0.5888573454054602,0.005274316766617468,0.07262449150677386,0.05478043662687853,0.13859586721353423,0.8593231158702765
6,0.57603467,0.6048246188732943,0.005274316766617468,0.07262449150677386,0.05478043662687853,0.13859586721353423,0.8593231158702765
6,0.6200068,0.5566393997170801,0.005274316766617468,0.07262449150677386,0.05478043662687853,0.13859586721353423,0.8593231158702765
6,0.5653822,0.7049224019517405,0.005274316766617468,0.07262449150677386,0.05478043662687853,0.13859586721353423,0.8593231158702765
6,0.72311133,0.6961805769112496,0.005274316766617468,0.07262449150677386,0.05478043662687853,0.13859586721353423,0.8593231158702765
6,0.6948079,0.8585989298234823,0.005274316766617468,0.07262449150677386,0.05478043662687853,0.13859586721353423,0.8593231158702765
6,0.8623726,0.8865489882526619,0.005274316766617468,0.07262449150677386,0.05478043662687853,0.13859586721353423,0.8593231158702765
6,0.87367827,0.6701250775794121,0.005274316766617468,0.07262449150677386,0.05478043662687853,0.13859586721353423,0.8593231158702765
6,0.5678318,0.5620517867027488,0.005274316766617468,0.07262449150677386,0.05478043662687853,0.13859586721353423,0.8593231158702765
6,0.5951938,0.6344301617565662,0.005274316766617468,0.07262449150677386,0.05478043662687853,0.13859586721353423,0.8593231158702765
6,0.6488936,0.5930052726042645,0.005274316766617468,0.07262449150677386,0.05478043662687853,0.13859586721353423,0.8593231158702765
6,0.5559665,0.606325112245527,0.005274316766617468,0.07262449150677386,0.05478043662687853,0.13859586721353423,0.8593231158702765
6,0.61414677,0.49070668552801466,0.005274316766617468,0.07262449150677386,0.05478043662687853,0.13859586721353423,0.8593231158702765
6,0.4285452,0.3212072754111013,0.005274316766617468,0.07262449150677386,0.05478043662687853,0.13859586721353423,0.8593231158702765
6,0.30615553,0.29685350737871863,0.005274316766617468,0.07262449150677386,0.05478043662687853,0.13859586721353423,0.8593231158702765
6,0.31470656,0.28203456547143235,0.005274316766617468,0.07262449150677386,0.05478043662687853,0.13859586721353423,0.8593231158702765
6,0.28090954,0.3451134756135057,0.005274316766617468,0.07262449150677386,0.05478043662687853,0.13859586721353423,0.8593231158702765
6,0.3464317,0.2999757219483302,0.005274316766617468,0.07262449150677386,0.05478043662687853,0.13859586721353423,0.8593231158702765
6,0.2909239,0.31087453662027675,0.005274316766617468,0.07262449150677386,0.05478043662687853,0.13859586721353423,0.8593231158702765
6,0.32273236,0.3159000050321792,0.005274316766617468,0.07262449150677386,0.05478043662687853,0.13859586721353423,0.8593231158702765
6,0.3221098,0.3898542345777727,0.005274316766617468,0.07262449150677386,0.05478043662687853,0.13859586721353423,0.8593231158702765
6,0.40331042,0.3902158804354505,0.005274316766617468,0.07262449150677386,0.05478043662687853,0.13859586721353423,0.8593231158702765
6,0.3973393,0.30025999586243257,0.005274316766617468,0.07262449150677386,0.05478043662687853,0.13859586721353423,0.8593231158702765
6,0.2936915,0.255907497386063,0.005274316766617468,0.07262449150677386,0.05478043662687853,0.13859586721353423,0.8593231158702765
6,0.2678535,0.1922873485454221,0.005274316766617468,0.07262449150677386,0.05478043662687853,0.13859586721353423,0.8593231158702765
6,0.19444728,0.21139844226134816,0.005274316766617468,0.07262449150677386,0.05478043662687853,0.13859586721353423,0.8593231158702765
6,0.22804168,0.25043295858811887,0.005274316766617468,0.07262449150677386,0.05478043662687853,0.13859586721353423,0.8593231158702765
6,0.26234,0.23228980872132446,0.005274316766617468,0.07262449150677386,0.05478043662687853,0.13859586721353423,0.8593231158702765
6,0.23451525,0.22291524370308405,0.005274316766617468,0.07262449150677386,0.05478043662687853,0.13859586721353423,0.8593231158702765
6,0.23032421,0.20137359821227127,0.005274316766617468,0.07262449150677386,0.05478043662687853,0.13859586721353423,0.8593231158702765
6,0.20665815,0.1909759678251793,0.005274316766617468,0.07262449150677386,0.05478043662687853,0.13859586721353423,0.8593231158702765
6,0.19870743,0.1919921274371126,0.005274316766617468,0.07262449150677386,0.05478043662687853,0.13859586721353423,0.8593231158702765
6,0.2007876,0.1962187096377401,0.005274316766617468,0.07262449150677386,0.05478043662687853,0.13859586721353423,0.8593231158702765
6,0.20501521,0.17058412403759607,0.005274316766617468,0.07262449150677386,0.05478043662687853,0.13859586721353423,0.8593231158702765
6,0.17605162,0.2648625376714431,0.005274316766617468,0.07262449150677386,0.05478043662687853,0.13859586721353423,0.8593231158702765
6,0.26521462,0.36930147778293554,0.005274316766617468,0.07262449150677386,0.05478043662687853,0.13859586721353423,0.8593231158702765
6,0.36043316,0.4271037579186907,0.005274316766617468,0.07262449150677386,0.05478043662687853,0.13859586721353423,0.8593231158702765
7,0.42429137,0.41070176517620993,0.0024284248836459405,0.0492790511642213,0.03503994686419975,0.06494821561516238,0.6031459118301556
7,0.41871074,0.43106307555535617,0.0024284248836459405,0.0492790511642213,0.03503994686419975,0.06494821561516238,0.6031459118301556
7,0.45147136,0.5227849191217186,0.0024284248836459405,0.0492790511642213,0.03503994686419975,0.06494821561516238,0.6031459118301556
7,0.53352123,0.5833347684359428,0.0024284248836459405,0.0492790511642213,0.03503994686419975,0.06494821561516238,0.6031459118301556
7,0.5842141,0.6441103065184963,0.0024284248836459405,0.0492790511642213,0.03503994686419975,0.06494821561516238,0.6031459118301556
7,0.64373636,0.5534903745617813,0.0024284248836459405,0.0492790511642213,0.03503994686419975,0.06494821561516238,0.6031459118301556
7,0.5230671,0.6150154893969672,0.0024284248836459405,0.0492790511642213,0.03503994686419975,0.06494821561516238,0.6031459118301556
7,0.6381787,0.6148471615720522,0.0024284248836459405,0.0492790511642213,0.03503994686419975,0.06494821561516238,0.6031459118301556
7,0.5915148,0.5532711952540975,0.0024284248836459405,0.0492790511642213,0.03503994686419975,0.06494821561516238,0.6031459118301556
7,0.53950167,0.5143637370071956,0.0024284248836459405,0.0492790511642213,0.03503994686419975,0.06494821561516238,0.6031459118301556
7,0.5091208,0.5628054951383565,0.0024284248836459405,0.0492790511642213,0.03503994686419975,0.06494821561516238,0.6031459118301556
7,0.565546,0.516833753613384,0.0024284248836459405,0.0492790511642213,0.03503994686419975,0.06494821561516238,0.6031459118301556
7,0.4833988,0.4584783812042572,0.0024284248836459405,0.0492790511642213,0.03503994686419975,0.06494821561516238,0.6031459118301556
7,0.44844365,0.43864936342948524,0.0024284248836459405,0.0492790511642213,0.03503994686419975,0.06494821561516238,0.6031459118301556
7,0.43229848,0.41480779875761153,0.0024284248836459405,0.0492790511642213,0.03503994686419975,0.06494821561516238,0.6031459118301556
7,0.40501052,0.43629989544252556,0.0024284248836459405,0.0492790511642213,0.03503994686419975,0.06494821561516238,0.6031459118301556
7,0.4363819,0.44270619349283513,0.0024284248836459405,0.0492790511642213,0.03503994686419975,0.06494821561516238,0.6031459118301556
7,0.43461606,0.4357128080112268,0.0024284248836459405,0.0492790511642213,0.03503994686419975,0.06494821561516238,0.6031459118301556
7,0.43106404,0.39238575558152344,0.0024284248836459405,0.0492790511642213,0.03503994686419975,0.06494821561516238,0.6031459118301556
7,0.3814676,0.3946166878204522,0.0024284248836459405,0.0492790511642213,0.03503994686419975,0.06494821561516238,0.6031459118301556
7,0.39947745,0.4314164462759106,0.0024284248836459405,0.0492790511642213,0.03503994686419975,0.06494821561516238,0.6031459118301556
7,0.4355764,0.6248354757365154,0.0024284248836459405,0.0492790511642213,0.03503994686419975,0.06494821561516238,0.6031459118301556
7,0.57975185,0.638338632516574,0.0024284248836459405,0.0492790511642213,0.03503994686419975,0.06494821561516238,0.6031459118301556
7,0.6204301,0.641445547567177,0.0024284248836459405,0.0492790511642213,0.03503994686419975,0.06494821561516238,0.6031459118301556
7,0.63759494,0.6463801987929093,0.0024284248836459405,0.0492790511642213,0.03503994686419975,0.06494821561516238,0.6031459118301556
7,0.6480713,0.6493388277261826,0.0024284248836459405,0.0492790511642213,0.03503994686419975,0.06494821561516238,0.6031459118301556
7,0.6498213,0.60316003120539,0.0024284248836459405,0.0492790511642213,0.03503994686419975,0.06494821561516238,0.6031459118301556
7,0.58565116,0.5614613444861325,0.0024284248836459405,0.0492790511642213,0.03503994686419975,0.06494821561516238,0.6031459118301556
7,0.5544496,0.5149722205137681,0.0024284248836459405,0.0492790511642213,0.03503994686419975,0.06494821561516238,0.6031459118301556
7,0.49754766,0.4915283842794764,0.0024284248836459405,0.0492790511642213,0.03503994686419975,0.06494821561516238,0.6031459118301556
7,0.4834931,0.49385794720686305,0.0024284248836459405,0.0492790511642213,0.03503994686419975,0.06494821561516238,0.6031459118301556
7,0.4842556,0.5272514802990246,0.0024284248836459405,0.0492790511642213,0.03503994686419975,0.06494821561516238,0.6031459118301556
7,0.51899296,0.5013961498247139,0.0024284248836459405,0.0492790511642213,0.03503994686419975,0.06494821561516238,0.6031459118301556
7,0.4788468,0.4750241824108601,0.0024284248836459405,0.0492790511642213,0.03503994686419975,0.06494821561516238,0.6031459118301556
7,0.46716177,0.47911031093268586,0.0024284248836459405,0.0492790511642213,0.03503994686419975,0.06494821561516238,0.6031459118301556
7,0.47627145,0.475099329602067,0.0024284248836459405,0.0492790511642213,0.03503994686419975,0.06494821561516238,0.6031459118301556
7,0.46845472,0.5331693216064964,0.0024284248836459405,0.0492790511642213,0.03503994686419975,0.06494821561516238,0.6031459118301556
7,0.5377202,0.4815056276523766,0.0024284248836459405,0.0492790511642213,0.03503994686419975,0.06494821561516238,0.6031459118301556
7,0.45259205,0.44307768005412496,0.0024284248836459405,0.0492790511642213,0.03503994686419975,0.06494821561516238,0.6031459118301556
8,0.44216552,0.3977120364106027,0.0011761255705779565,0.034294687206299995,0.02474959562271309,0.09355336740129584,0.9293176292880128
8,0.3801411,0.43375749787162354,0.0011761255705779565,0.034294687206299995,0.02474959562271309,0.09355336740129584,0.9293176292880128
8,0.44651908,0.5260348114890221,0.0011761255705779565,0.034294687206299995,0.02474959562271309,0.09355336740129584,0.9293176292880128
8,0.5228,0.528199766283289,0.0011761255705779565,0.034294687206299995,0.02474959562271309,0.09355336740129584,0.9293176292880128
8,0.5167672,0.5606248846792556,0.0011761255705779565,0.034294687206299995,0.02474959562271309,0.09355336740129584,0.9293176292880128
8,0.56989235,0.4867704040838935,0.0011761255705779565,0.034294687206299995,0.02474959562271309,0.09355336740129584,0.9293176292880128
8,0.451866,0.4218105776381197,0.0011761255705779565,0.034294687206299995,0.02474959562271309,0.09355336740129584,0.9293176292880128
8,0.41859654,0.395399471062181,0.0011761255705779565,0.034294687206299995,0.02474959562271309,0.09355336740129584,0.9293176292880128
8,0.3890943,0.3448182545051962,0.0011761255705779565,0.034294687206299995,0.02474959562271309,0.09355336740129584,0.9293176292880128
8,0.32784346,0.34356356479488215,0.0011761255705779565,0.034294687206299995,0.02474959562271309,0.09355336740129584,0.9293176292880128
8,0.34282348,0.3583636935923271,0.0011761255705779565,0.034294687206299995,0.02474959562271309,0.09355336740129584,0.9293176292880128
8,0.35371208,0.41143087185279337,0.0011761255705779565,0.034294687206299995,0.02474959562271309,0.09355336740129584,0.9293176292880128
8,0.4143372,0.35002152653914786,0.0011761255705779565,0.034294687206299995,0.02474959562271309,0.09355336740129584,0.9293176292880128
8,0.32386944,0.3183027375931071,0.0011761255705779565,0.034294687206299995,0.02474959562271309,0.09355336740129584,0.9293176292880128
8,0.3165206,0.32097244043858353,0.0011761255705779565,0.034294687206299995,0.02474959562271309,0.09355336740129584,0.9293176292880128
8,0.3202601,0.30196199028230475,0.0011761255705779565,0.034294687206299995,0.02474959562271309,0.09355336740129584,0.9293176292880128
8,0.29416168,0.29432806445660986,0.0011761255705779565,0.034294687206299995,0.02474959562271309,0.09355336740129584,0.9293176292880128
8,0.2919106,0.31294108437844337,0.0011761255705779565,0.034294687206299995,0.02474959562271309,0.09355336740129584,0.9293176292880128
8,0.3153389,0.31120330558180387,0.0011761255705779565,0.034294687206299995,0.02474959562271309,0.09355336740129584,0.9293176292880128
8,0.3075109,0.23893228365828292,0.0011761255705779565,0.034294687206299995,0.02474959562271309,0.09355336740129584,0.9293176292880128
8,0.22322565,0.21236238391044923,0.0011761255705779565,0.034294687206299995,0.02474959562271309,0.09355336740129584,0.9293176292880128
8,0.2095685,0.21624946183652174,0.0011761255705779565,0.034294687206299995,0.02474959562271309,0.09355336740129584,0.9293176292880128
8,0.21323556,0.19474493478915214,0.0011761255705779565,0.034294687206299995,0.02474959562271309,0.09355336740129584,0.9293176292880128
8,0.18681274,0.2118681122063865,0.0011761255705779565,0.034294687206299995,0.02474959562271309,0.09355336740129584,0.9293176292880128
8,0.21103424,0.21388769297004848,0.0011761255705779565,0.034294687206299995,0.02474959562271309,0.09355336740129584,0.9293176292880128
8,0.21026617,0.19890522172335331,0.0011761255705779565,0.034294687206299995,0.02474959562271309,0.09355336740129584,0.9293176292880128
8,0.19440669,0.21233778215142493,0.0011761255705779565,0.034294687206299995,0.02474959562271309,0.09355336740129584,0.9293176292880128
8,0.2124789,0.21044344670644025,0.0011761255705779565,0.034294687206299995,0.02474959562271309,0.09355336740129584,0.9293176292880128
8,0.20846534,0.19405867519527634,0.0011761255705779565,0.034294687206299995,0.02474959562271309,0.09355336740129584,0.9293176292880128
8,0.19095922,0.19162533757527403,0.0011761255705779565,0.034294687206299995,0.02474959562271309,0.09355336740129584,0.9293176292880128
8,0.19036828,0.1269893597392214,0.0011761255705779565,0.034294687206299995,0.02474959562271309,0.09355336740129584,0.9293176292880128
8,0.1203585,0.11065015496434152,0.0011761255705779565,0.034294687206299995,0.02474959562271309,0.09355336740129584,0.9293176292880128
8,0.10860669,0.09757057629620466,0.0011761255705779565,0.034294687206299995,0.02474959562271309,0.09355336740129584,0.9293176292880128
8,0.0940648,0.09562949750907282,0.0011761255705779565,0.034294687206299995,0.02474959562271309,0.09355336740129584,0.9293176292880128
8,0.09127695,0.09560502523298767,0.0011761255705779565,0.034294687206299995,0.02474959562271309,0.09355336740129584,0.9293176292880128
8,0.09150198,0.09643889538102099,0.0011761255705779565,0.034294687206299995,0.02474959562271309,0.09355336740129584,0.9293176292880128
8,0.09290673,0.13665047050864046,0.0011761255705779565,0.034294687206299995,0.02474959562271309,0.09355336740129584,0.9293176292880128
8,0.13498041,0.1653782034889175,0.0011761255705779565,0.034294687206299995,0.02474959562271309,0.09355336740129584,0.9293176292880128
8,0.16554272,0.16276309843110356,0.0011761255705779565,0.034294687206299995,0.02474959562271309,0.09355336740129584,0.9293176292880128
9,0.16479334,0.14019895054075213,0.0009615263227865839,0.031008487915191608,0.024284987211432435,0.11729570899751678,0.6605065985179264
9,0.14086461,0.16278760294997366,0.0009615263227865839,0.031008487915191608,0.024284987211432435,0.11729570899751678,0.6605065985179264
9,0.16600002,0.19317524839389752,0.0009615263227865839,0.031008487915191608,0.024284987211432435,0.11729570899751678,0.6605065985179264
9,0.19727357,0.24178608770527202,0.0009615263227865839,0.031008487915191608,0.024284987211432435,0.11729570899751678,0.6605065985179264
9,0.24737903,0.1420077709469277,0.0009615263227865839,0.031008487915191608,0.024284987211432435,0.11729570899751678,0.6605065985179264
9,0.13390778,0.14021526539147464,0.0009615263227865839,0.031008487915191608,0.024284987211432435,0.11729570899751678,0.6605065985179264
9,0.14246777,0.1259610062119441,0.0009615263227865839,0.031008487915191608,0.024284987211432435,0.11729570899751678,0.6605065985179264
9,0.12344159,0.1391819915123941,0.0009615263227865839,0.031008487915191608,0.024284987211432435,0.11729570899751678,0.6605065985179264
9,0.13908014,0.1646521926317733,0.0009615263227865839,0.031008487915191608,0.024284987211432435,0.11729570899751678,0.6605065985179264
9,0.16586031,0.19076203948582296,0.0009615263227865839,0.031008487915191608,0.024284987211432435,0.11729570899751678,0.6605065985179264
9,0.19292006,0.23547767875929457,0.0009615263227865839,0.031008487915191608,0.024284987211432435,0.11729570899751678,0.6605065985179264
9,0.23985371,0.25974537179408386,0.0009615263227865839,0.031008487915191608,0.024284987211432435,0.11729570899751678,0.6605065985179264
9,0.26686049,0.2582200627344847,0.0009615263227865839,0.031008487915191608,0.024284987211432435,0.11729570899751678,0.6605065985179264
9,0.26383913,0.292886177725344,0.0009615263227865839,0.031008487915191608,0.024284987211432435,0.11729570899751678,0.6605065985179264
9,0.30533737,0.2939418168399047,0.0009615263227865839,0.031008487915191608,0.024284987211432435,0.11729570899751678,0.6605065985179264
9,0.30015975,0.30442216618488116,0.0009615263227865839,0.031008487915191608,0.024284987211432435,0.11729570899751678,0.6605065985179264
9,0.31417334,0.345158400564772,0.0009615263227865839,0.031008487915191608,0.024284987211432435,0.11729570899751678,0.6605065985179264
9,0.3580588,0.2885009436069419,0.0009615263227865839,0.031008487915191608,0.024284987211432435,0.11729570899751678,0.6605065985179264
9,0.2779891,0.2809565611213941,0.0009615263227865839,0.031008487915191608,0.024284987211432435,0.11729570899751678,0.6605065985179264
9,0.28868228,0.26152705707931834,0.0009615263227865839,0.031008487915191608,0.024284987211432435,0.11729570899751678,0.6605065985179264
9,0.257206,0.28116530331918677,0.0009615263227865839,0.031008487915191608,0.024284987211432435,0.11729570899751678,0.6605065985179264
9,0.28828537,0.28203456547143235,0.0009615263227865839,0.031008487915191608,0.024284987211432435,0.11729570899751678,0.6605065985179264
9,0.28054303,0.25130308395997714,0.0009615263227865839,0.031008487915191608,0.024284987211432435,0.11729570899751678,0.6605065985179264
9,0.2445869,0.21359247186173888,0.0009615263227865839,0.031008487915191608,0.024284987211432435,0.11729570899751678,0.6605065985179264
9,0.20653577,0.1981917707116068,0.0009615263227865839,0.031008487915191608,0.024284987211432435,0.11729570899751678,0.6605065985179264
9,0.1948623,0.19608720205312877,0.0009615263227865839,0.031008487915191608,0.024284987211432435,0.11729570899751678,0.6605065985179264
9,0.19353971,0.24225106095085905,0.0009615263227865839,0.031008487915191608,0.024284987211432435,0.11729570899751678,0.6605065985179264
9,0.24579278,0.21182114521188186,0.0009615263227865839,0.031008487915191608,0.024284987211432435,0.11729570899751678,0.6605065985179264
9,0.20460998,0.17100682698812972,0.0009615263227865839,0.031008487915191608,0.024284987211432435,0.11729570899751678,0.6605065985179264
9,0.16512054,0.1631539455071029,0.0009615263227865839,0.031008487915191608,0.024284987211432435,0.11729570899751678,0.6605065985179264
9,0.16152401,0.18185620271849448,0.0009615263227865839,0.031008487915191608,0.024284987211432435,0.11729570899751678,0.6605065985179264
9,0.18280303,0.19396846874551468,0.0009615263227865839,0.031008487915191608,0.024284987211432435,0.11729570899751678,0.6605065985179264
9,0.19403525,0.21569592225844073,0.0009615263227865839,0.031008487915191608,0.024284987211432435,0.11729570899751678,0.6605065985179264
9,0.2183517,0.25221723353219694,0.0009615263227865839,0.031008487915191608,0.024284987211432435,0.11729570899751678,0.6605065985179264
9,0.25786144,0.23531453025207236,0.0009615263227865839,0.031008487915191608,0.024284987211432435,0.11729570899751678,0.6605065985179264
9,0.23502411,0.23150031590895223,0.0009615263227865839,0.031008487915191608,0.024284987211432435,0.11729570899751678,0.6605065985179264
9,0.23478408,0.2564487360846305,0.0009615263227865839,0.031008487915191608,0.024284987211432435,0.11729570899751678,0.6605065985179264
9,0.26378876,0.24297435266621484,0.0009615263227865839,0.031008487915191608,0.024284987211432435,0.11729570899751678,0.6605065985179264
9,0.24246922,0.22825959328819387,0.0009615263227865839,0.031008487915191608,0.024284987211432435,0.11729570899751678,0.6605065985179264
10,0.23716667,0.23065491000788482,0.0033959670681374897,0.058274926581999995,0.04564103750548807,0.07926149763459457,0.8947550274643394
10,0.24178155,0.2408020173442403,0.0033959670681374897,0.058274926581999995,0.04564103750548807,0.07926149763459457,0.8947550274643394
10,0.25236285,0.3250384402484785,0.0033959670681374897,0.058274926581999995,0.04564103750548807,0.07926149763459457,0.8947550274643394
10,0.33259773,0.32303898819674726,0.0033959670681374897,0.058274926581999995,0.04564103750548807,0.07926149763459457,0.8947550274643394
10,0.33429435,0.3436451390484947,0.0033959670681374897,0.058274926581999995,0.04564103750548807,0.07926149763459457,0.8947550274643394
10,0.36448392,0.3620886893412887,0.0033959670681374897,0.058274926581999995,0.04564103750548807,0.07926149763459457,0.8947550274643394
10,0.38039672,0.42010740610058817,0.0033959670681374897,0.058274926581999995,0.04564103750548807,0.07926149763459457,0.8947550274643394
10,0.44296426,0.4281560657902821,0.0033959670681374897,0.058274926581999995,0.04564103750548807,0.07926149763459457,0.8947550274643394
10,0.44215858,0.39745104383659036,0.0033959670681374897,0.058274926581999995,0.04564103750548807,0.07926149763459457,0.8947550274643394
10,0.4054572,0.4257088381819295,0.0033959670681374897,0.058274926581999995,0.04564103750548807,0.07926149763459457,0.8947550274643394
10,0.4539553,0.5340057814133704,0.0033959670681374897,0.058274926581999995,0.04564103750548807,0.07926149763459457,0.8947550274643394
10,0.5447274,0.42242114856666924,0.0033959670681374897,0.058274926581999995,0.04564103750548807,0.07926149763459457,0.8947550274643394
10,0.38313654,0.43609078049080563,0.0033959670681374897,0.058274926581999995,0.04564103750548807,0.07926149763459457,0.8947550274643394
10,0.4709809,0.5239637906837618,0.0033959670681374897,0.058274926581999995,0.04564103750548807,0.07926149763459457,0.8947550274643394
10,0.53367865,0.5095024294237034,0.0033959670681374897,0.058274926581999995,0.04564103750548807,0.07926149763459457,0.8947550274643394
10,0.50669503,0.5778461159972937,0.0033959670681374897,0.058274926581999995,0.04564103750548807,0.07926149763459457,0.8947550274643394
10,0.5941067,0.6436510978534963,0.0033959670681374897,0.058274926581999995,0.04564103750548807,0.07926149763459457,0.8947550274643394
10,0.6407325,0.6621563441786079,0.0033959670681374897,0.058274926581999995,0.04564103750548807,0.07926149763459457,0.8947550274643394
10,0.66268486,0.6679598991327877,0.0033959670681374897,0.058274926581999995,0.04564103750548807,0.07926149763459457,0.8947550274643394
10,0.67284095,0.72819976628329,0.0033959670681374897,0.058274926581999995,0.04564103750548807,0.07926149763459457,0.8947550274643394
10,0.73402554,0.8411392967640662,0.0033959670681374897,0.058274926581999995,0.04564103750548807,0.07926149763459457,0.8947550274643394
10,0.82475644,0.8927749800110726,0.0033959670681374897,0.058274926581999995,0.04564103750548807,0.07926149763459457,0.8947550274643394
10,0.855527,1.0,0.0033959670681374897,0.058274926581999995,0.04564103750548807,0.07926149763459457,0.8947550274643394
10,0.9649146,0.8692247426600103,0.0033959670681374897,0.058274926581999995,0.04564103750548807,0.07926149763459457,0.8947550274643394
10,0.7568056,0.6564118334460917,0.0033959670681374897,0.058274926581999995,0.04564103750548807,0.07926149763459457,0.8947550274643394
10,0.62119186,0.659341047232704,0.0033959670681374897,0.058274926581999995,0.04564103750548807,0.07926149763459457,0.8947550274643394
10,0.66880816,0.7248785288148094,0.0033959670681374897,0.058274926581999995,0.04564103750548807,0.07926149763459457,0.8947550274643394
10,0.6904325,0.7456620948397826,0.0033959670681374897,0.058274926581999995,0.04564103750548807,0.07926149763459457,0.8947550274643394
10,0.6991038,0.7192758964265943,0.0033959670681374897,0.058274926581999995,0.04564103750548807,0.07926149763459457,0.8947550274643394
10,0.6645196,0.6611353711790411,0.0033959670681374897,0.058274926581999995,0.04564103750548807,0.07926149763459457,0.8947550274643394
10,0.6192365,0.6511304508272349,0.0033959670681374897,0.058274926581999995,0.04564103750548807,0.07926149763459457,0.8947550274643394
10,0.6288085,0.6857615765843051,0.0033959670681374897,0.058274926581999995,0.04564103750548807,0.07926149763459457,0.8947550274643394
10,0.66323864,0.6211323761822877,0.0033959670681374897,0.058274926581999995,0.04564103750548807,0.07926149763459457,0.8947550274643394
10,0.5753968,0.6306407657621215,0.0033959670681374897,0.058274926581999995,0.04564103750548807,0.07926149763459457,0.8947550274643394
10,0.6333205,0.5930404978501423,0.0033959670681374897,0.058274926581999995,0.04564103750548807,0.07926149763459457,0.8947550274643394
10,0.5529357,0.5447754474444937,0.0033959670681374897,0.058274926581999995,0.04564103750548807,0.07926149763459457,0.8947550274643394
10,0.537184,0.5344855157143755,0.0033959670681374897,0.058274926581999995,0.04564103750548807,0.07926149763459457,0.8947550274643394
10,0.52489746,0.4298643961738916,0.0033959670681374897,0.058274926581999995,0.04564103750548807,0.07926149763459457,0.8947550274643394
10,0.39328992,0.39605387785226687,0.0033959670681374897,0.058274926581999995,0.04564103750548807,0.07926149763459457,0.8947550274643394
